{"cameraMode":{"drawMode":0,"name":"Shaded","section":"Shading Mode"},"sceneLighting":true,"audioPlay":false,"sceneViewState":{"showFog":true,"showMaterialUpdate":true,"showSkybox":true,"showFlares":true,"showImageEffects":true,"showParticleSystems":true},"in2DMode":false,"pivot":{"x":0.696876049041748,"y":-0.8566498756408691,"z":-0.4390692710876465},"rotation":{"x":-0.27068018913269045,"y":-0.42811569571495058,"z":0.13610410690307618,"w":-0.8514256477355957},"size":8.7098388671875,"orthographic":false}